{"stat.flyOneCm":2074,"stat.walkOneCm":57149,"stat.jump":98,"stat.swimOneCm":526,"stat.mineBlock.minecraft.leaves":3,"stat.playOneMinute":11913,"stat.fallOneCm":1918,"achievement.openInventory":1,"stat.leaveGame":3,"stat.damageTaken":200,"stat.damageDealt":20,"stat.crouchOneCm":91,"stat.timeSinceDeath":11913,"stat.sprintOneCm":5951,"achievement.exploreAllBiomes":{"value":0,"progress":["Birch Forest Hills","ForestHills","Birch Forest","Forest","River"]},"stat.mineBlock.minecraft.tallgrass":2,"stat.diveOneCm":1230}