{"stat.walkOneCm":70315,"achievement.openInventory":1,"stat.leaveGame":2,"stat.damageTaken":10,"stat.mineBlock.minecraft.log":3,"stat.flyOneCm":8552,"stat.jump":91,"stat.swimOneCm":260,"stat.mineBlock.minecraft.leaves":6,"stat.playOneMinute":28781,"stat.fallOneCm":1651,"stat.damageDealt":150,"stat.crouchOneCm":555,"stat.timeSinceDeath":28781,"achievement.mineWood":3,"stat.sprintOneCm":29915,"achievement.exploreAllBiomes":{"value":0,"progress":["Birch Forest Hills","Birch Forest","Forest","River"]}}